city,country
Albuquerque,United States
Alexandria,United States
Arlington,United States
Atlanta,United States
Austin,United States
Baltimore,United States
Birmingham,United States
Boston,United States
Charlotte,United States
Chicago,United States
Colorado Springs,United States
Columbus,United States
Dallas,United States
Denver,United States
Detroit,United States
El Paso,United States
Fort Worth,United States
Fresno,United States
Houston,United States
Indianapolis,United States
Jacksonville,United States
Kansas City,United States
Las Vegas,United States
Long Beach,United States
Los Angeles,United States
Louisville,United States
Memphis,United States
Mesa,United States
Miami,United States
Milwaukee,United States
Minneapolis,United States
Nashville,United States
New Orleans,United States
New York,United States
Oakland,United States
Oklahoma City,United States
Omaha,United States
Philadelphia,United States
Phoenix,United States
Portland,United States
Raleigh,United States
Sacramento,United States
San Antonio,United States
San Diego,United States
San Francisco,United States
San Jose,United States
Seattle,United States
Tucson,United States
Tulsa,United States
Virginia Beach,United States
Washington,United States
Wichita,United States
